id,inquiry_id,is_consumer_record,fabric_composition,care_instructions,sustainability_and_circularity,buyer_logo,buyer_link,created_at,updated_at
1,806,0,"testing fab
fab2",[],sustainability1,634a91a73a5b0.png,https://seamlesssource.com/#/,2022-10-15 11:55:35,2022-10-15 11:57:48
2,806,1,"testing fab
fab2",[],sustainability1,634a91a73a5b0.png,https://seamlesssource.com/#/,2022-10-15 12:02:10,2022-10-15 12:02:10
3,795,0,"90% cotton
10% Silk",[],This is for testing purposes.,635a0eef44107.jpg,https://www.onlinelogomaker.com/blog/wp-content/uploads/2017/11/Fotolia_91073068_Subscription_Monthly_M-1024x1024.jpg,2022-10-27 05:54:07,2022-10-27 05:56:02
4,795,1,"90% cotton
10% Silk",[],This is for testing purposes.,635a0eef44107.jpg,https://www.onlinelogomaker.com/blog/wp-content/uploads/2017/11/Fotolia_91073068_Subscription_Monthly_M-1024x1024.jpg,2022-10-27 05:56:48,2022-10-27 05:56:48
5,817,0,"Fabric - 100% Cotton

Trims - Coconut shell buttons","[1,2,3,4]","This product has been carefully designed to give a full circular journey.

We will ensure you that we will make a different product from this after you have returned this at the end of its life.

But most importantly we will give you a 20% discount for your next purchase ğŸ¤©

Click the below link and start your circularity journey for a better word.

https://seamlesssource.com/",636490783c6af.png,https://seamlesssource.com/,2022-10-30 08:54:01,2022-11-04 04:13:51
6,817,1,"Fabric - 100% Cotton

Trims - Coconut shell buttons","[1,2,3,4]","This product has been carefully designed to give a full circular journey.

We will ensure you that we will make a different product from this after you have returned this at the end of its life.

But most importantly we will give you a 20% discount for your next purchase ğŸ¤©

Click the below link and start your circularity journey for a better word.

https://seamlesssource.com/",636490783c6af.png,https://seamlesssource.com/,2022-11-01 11:00:38,2022-11-04 04:18:45
7,833,0,"80% Cotton
10% silk
Paragraphs are the building blocks of papers. Many students define paragraphs in terms of length: a paragraph is a group of at least five sentences, a paragraph is half a page long, etc. In reality, though, the unity and coherence of ideas among sentences is what constitutes a paragraph.Paragraphs are the building blocks of papers. Many students define paragraphs in terms of length: a paragraph is a group of at least five sentences, a paragraph is half a page long, etc. In reality, though, the unity and coherence of ideas among sentences is what constitutes a paragraph. A paragraph is defined as â€œa group of sentences or a single sentence that forms a unitâ€ (Lunsford and Connors 116). Length and appearance do not determine whether a section in a paper is a paragraph. For instance, in some styles of writing, particularly journalistic styles, a paragraph can be just one sentence long. Ultimately, a paragraph is a sentence or group of sentences that support one main idea. In this handout, we will refer to this as the â€œcontrolling idea,â€ because it controls what happens in the rest of the paragraph. https://writingcenter.unc.edu/tips-and-tools/paragraphs/Paragraphs are the building blocks of papers. Many students define paragraphs in terms of length: a paragraph is a group of at least five sentences, a paragraph is half a page long, etc. In reality, though, the unity and coherence of ideas among sentences is what constitutes a paragraph. A paragraph is defined as â€œa group of sentences or a single sentence that forms a unitâ€ (Lunsford and Connors 116). Length and appearance do not determine whether a section in a paper is a paragraph. For instance, in some styles of writing, particularly journalistic styles, a paragraph can be just one sentence long. Ultimately, a paragraph is a sentence or group of sentences that support one main idea. In this handout, we will refer to this as the â€œcontrolling idea,â€ because it controls what happens in the rest of the paragraph. https://writingcenter.unc.edu/tips-and-tools/paragraphs/Paragraphs are the building blocks of papers. Many students define paragraphs in terms of length: a paragraph is a group of at least five sentences, a paragraph is half a page long, etc. In reality, though, the unity and coherence of ideas among sentences is what constitutes a paragraph. A paragraph is defined as â€œa group of sentences or a single sentence that forms a unitâ€ (Lunsford and Connors 116). Length and appearance do not determine whether a section in a paper is a paragraph. For instance, in some styles of writing, particularly journalistic styles, a paragraph can be just one sentence long. Ultimately, a paragraph is a sentence or group of sentences that support one main idea. In this handout, we will refer to this as the â€œcontrolling idea,â€ because it controls what happens in the rest of the paragraph. https://writingcenter.unc.edu/tips-and-tools/paragraphs/Paragraphs are the building blocks of papers. Many students define paragraphs in terms of length: a paragraph is a group of at least five sentences, a paragraph is half a page long, etc. In reality, though, the unity and coherence of ideas among sentences is what constitutes a paragraph. A paragraph is defined as â€œa group of sentences or a single sentence that forms a unitâ€ (Lunsford and Connors 116). Length and appearance do not determine whether a section in a paper is a paragraph. For instance, in some styles of writing, particularly journalistic styles, a paragraph can be just one sentence long. Ultimately, a paragraph is a sentence or group of sentences that support one main idea. In this handout, we will refer to this as the â€œcontrolling idea,â€ because it controls what happens in the rest of the paragraph. https://writingcenter.unc.edu/tips-and-tools/paragraphs/Paragraphs are the building blocks of papers. Many students define paragraphs in terms of length: a paragraph is a group of at least five sentences, a paragraph is half a page long, etc. In reality, though, the unity and coherence of ideas among sentences is what constitutes a paragraph. A paragraph is defined as â€œa group of sentences or a single sentence that forms a unitâ€ (Lunsford and Connors 116). Length and appearance do not determine whether a section in a paper is a paragraph. For instance, in some styles of writing, particularly journalistic styles, a paragraph can be just one sentence long. Ultimately, a paragraph is a sentence or group of sentences that support one main idea. In this handout, we will refer to this as the â€œcontrolling idea,â€ because it controls what happens in the rest of the paragraph. https://writingcenter.unc.edu/tips-and-tools/paragraphs/Paragraphs are the building blocks of papers. Many students define paragraphs in terms of length: a paragraph is a group of at least five sentences, a paragraph is half a page long, etc. In reality, though, the unity and coherence of ideas among sentences is what constitutes a paragraph. A p","[1,2,3,4]","Paragraphs are the building blocks of papers. Many students define paragraphs in terms of length: a paragraph is a group of at least five sentences, a paragraph is half a page long, etc. In reality, though, the unity and coherence of ideas among sentences is what constitutes a paragraph. A paragraph is defined as â€œa group of sentences or a single sentence that forms a unitâ€ (Lunsford and Connors 116). Length and appearance do not determine whethParagraphs are the building blocks of papers. Many students define paragraphs in terms of length: a paragraph is a group of at least five sentences, a paragraph is half a page long, etc. In reality, though, the unity and coherence of ideas among sentences is what constitutes a paragraph. A paragraph is defined as â€œa group of sentences or a single sentence that forms a unitâ€ (Lunsford and Connors 116). Length and appearance do not determine whether a section in a paper is a paragraph. For instance, in some styles of writing, particularly journalistic styles, a paragraph can be just one sentence long. Ultimately, a paragraph is a sentence or group of sentences that support one main idea. In this handout, we will refer to this as the â€œcontrolling idea,â€ because it controls what happens in the rest of the paragraph. https://writingcenter.unc.edu/tips-and-tools/paragraphs/Paragraphs are the building blocks of papers. Many students define paragraphs in terms of length: a paragraph is a group of at least five sentences, a paragraph is half a page long, etc. In reality, though, the unity and coherence of ideas among sentences is what constitutes a paragraph. A paragraph is defined as â€œa group of sentences or a single sentence that forms a unitâ€ (Lunsford and Connors 116). Length and appearance do not determine whether a section in a paper is a paragraph. For instance, in some styles of writing, particularly journalistic styles, a paragraph can be just one sentence long. Ultimately, a paragraph is a sentence or group of sentences that support one main idea. In this handout, we will refer to this as the â€œcontrolling idea,â€ because it controls what happens in the rest of the paragraph. https://writingcenter.unc.edu/tips-and-tools/paragraphs/Paragraphs are the building blocks of papers. Many students define paragraphs in terms of length: a paragraph is a group of at least five sentences, a paragraph is half a page long, etc. In reality, though, the unity and coherence of ideas among sentences is what constitutes a paragraph. A paragraph is defined as â€œa group of sentences or a single sentence that forms a unitâ€ (Lunsford and Connors 116). Length and appearance do not determine whether a section in a paper is a paragraph. For instance, in some styles of writing, particularly journalistic styles, a paragraph can be just one sentence long. Ultimately, a paragraph is a sentence or group of sentences that support one main idea. In this handout, we will refer to this as the â€œcontrolling idea,â€ because it controls what happens in the rest of the paragraph. https://writingcenter.unc.edu/tips-and-tools/paragraphs/Paragraphs are the building blocks of papers. Many students define paragraphs in terms of length: a paragraph is a group of at least five sentences, a paragraph is half a page long, etc. In reality, though, the unity and coherence of ideas among sentences is what constitutes a paragraph. A paragraph is defined as â€œa group of sentences or a single sentence that forms a unitâ€ (Lunsford and Connors 116). Length and appearance do not determine whether a section in a paper is a paragraph. For instance, in some styles of writing, particularly journalistic styles, a paragraph can be just one sentence long. Ultimately, a paragraph is a sentence or group of sentences that support one main idea. In this handout, we will refer to this as the â€œcontrolling idea,â€ because it controls what happens in the rest of the paragraph. https://writingcenter.unc.edu/tips-and-tools/paragraphs/Paragraphs are the building blocks of papers. Many students define paragraphs in terms of length: a paragraph is a group of at least five sentences, a paragraph is half a page long, etc. In reality, though, the unity and coherence of ideas among sentences is what constitutes a paragraph. A paragraph is defined as â€œa group of sentences or a single sentence that forms a unitâ€ (Lunsford and Connors 116). Length and appearance do not determine whether a section in a paper is a paragraph. For instance, in some styles of writing, particularly journalistic styles, a paragraph can be just one sentence long. Ultimately, a paragraph is a sentence or group of sentences that support one main idea. In this handout, we will refer to this as the â€œcontrolling idea,â€ because it controls what happens in the rest of the paragraph. https://writingcenter.unc.edu/tips-and-tools/paragraphs/Paragraphs are the building blocks of papers. Many students define paragraphs in terms of length: a paragraph is a group of at least five sentences, a paragraph is half a page long, etc. In reality, though, the unity and coherence of ideas among sentences is what constitutes a paragraph. A paragraph is defined as â€œa group of sentences or a single sentence that forms a unitâ€ (Lunsford and Connors 116). Length and appearance do not determine whether a section in a paper is a paragraph. For instance, in some styles of writing, particularly journalistic styles, a paragraph can be just one sentence long. Ultimately, a paragraph is a sentence or group of sentences that support one main idea. In this handout, we will refer to this asParagraphs are the building blocks of papers. Many students define paragraphs in terms of length: a paragraph is a group of at least five sentences, a paragraph is half a page long, etc. In reality, though, the unity and coherence of ideas among sentences is what constitutes a paragraph. A paragraph is defined as â€œa group of sentences or a single sentence that forms a unitâ€ (Lunsford and Connors 116). Length and appearance do not determine whethParagraphs are the building blocks of papers. Many students define paragraphs in terms of length: a paragraph is a group of at least five sentences, a paragraph is half a page long, etc. In reality, though, the unity and coherence of ideas among sentences is what constitutes a paragraph. A paragraph is defined as â€œa group of sentences or a single sentence that forms a unitâ€ (Lunsford and Connors 116). Length and appearance do not determine whether a section in a paper is a paragraph. For instance, in some styles of writing, particularly journalistic styles, a paragraph can be just one sentence long. Ultimately, a paragraph is a sentence or group of sentences that support one main idea. In this handout, we will refer to this as the â€œcontrolling idea,â€ because it controls what happens in the rest of the paragraph. https://writingcenter.unc.edu/tips-and-tools/paragraphs/Paragraphs are the building blocks of papers. Many students define paragraphs in terms of length: a paragraph is a group of at least five sentences, a paragraph is half a page long, etc. In reality, though, the unity and coherence of ideas among sentences is what constitutes a paragraph. A paragraph is defined as â€œa group of sentences or a single sentence that forms a unitâ€ (Lunsford and Connors 116). Length and appearance do not determine whether a section in a paper is a paragraph. For instance, in some styles of writing, particularly journalistic styles, a paragraph can be just one sentence long. Ultimately, a paragraph is a sentence or group of sentences that support one main idea. In this handout, we will refer to this as the â€œcontrolling idea,â€ because it controls what happens in the rest of the paragraph. https://writingcenter.unc.edu/tips-and-tools/paragraphs/Paragraphs are the building blocks of papers. Many students define paragraphs in terms of length: a paragraph is a group of at least five sentences, a paragraph is half a page long, etc. In reality, though, the unity and coherence of ideas among sentences is what constitutes a paragraph. A paragraph is defined as â€œa group of sentences or a single sentence that forms a unitâ€ (Lunsford and Connors 116). Length and appearance do not determine whether a section in a paper is a paragraph. For instance, in some styles of writing, particularly journalistic styles, a paragraph can be just one sentence long. Ultimately, a paragraph is a sentence or group of sentences that support one main idea. In this handout, we will refer to this as the â€œcontrolling idea,â€ because it controls what happens in the rest of the paragraph. https://writingcenter.unc.edu/tips-and-tools/paragraphs/Paragraphs are the building blocks of papers. Many students define paragraphs in terms of length: a paragraph is a group of at least five sentences, a paragraph is half a page long, etc. In reality, though, the unity and coherence of ideas among sentences is what constitutes a paragraph. A paragraph is defined as â€œa group of sentences or a single sentence that forms a unitâ€ (Lunsford and Connors 116). Length and appearance do not determine whether a section in a paper is a paragraph. For instance, in some styles of writing, particularly journalistic styles, a paragraph can be just one sentence long. Ultimately, a paragraph is a sentence or group of sentences that support one main idea. In this handout, we will refer to this as the â€œcontrolli the â€œcontrolling idea,â€ because it controls what happens in the rest of the paragraph. https://writingcenter.unc.edu/tips-and-tools/paragraphs/er a section in a paper is a paragraph. For instance, in some styles of writing, particularly journalistic styles, a paragraph can be just one sentence long. Ultimately, a paragraph is a sentence or group of sentences that support one main idea. In this handout, we will refer to this as the â€œcontrolling idea,â€ because it controls what happens in the rest of the paragraph. https://writingcenter.unc.edu/tips-and-tools/paragraphsf",636359b3f1b03.jpg,https://meet.google.com/,2022-11-03 06:03:32,2022-11-03 06:19:53
8,833,1,"80% Cotton
10% silk
Paragraphs are the building blocks of papers. Many students define paragraphs in terms of length: a paragraph is a group of at least five sentences, a paragraph is half a page long, etc. In reality, though, the unity and coherence of ideas among sentences is what constitutes a paragraph.Paragraphs are the building blocks of papers. Many students define paragraphs in terms of length: a paragraph is a group of at least five sentences, a paragraph is half a page long, etc. In reality, though, the unity and coherence of ideas among sentences is what constitutes a paragraph. A paragraph is defined as â€œa group of sentences or a single sentence that forms a unitâ€ (Lunsford and Connors 116). Length and appearance do not determine whether a section in a paper is a paragraph. For instance, in some styles of writing, particularly journalistic styles, a paragraph can be just one sentence long. Ultimately, a paragraph is a sentence or group of sentences that support one main idea. In this handout, we will refer to this as the â€œcontrolling idea,â€ because it controls what happens in the rest of the paragraph. https://writingcenter.unc.edu/tips-and-tools/paragraphs/Paragraphs are the building blocks of papers. Many students define paragraphs in terms of length: a paragraph is a group of at least five sentences, a paragraph is half a page long, etc. In reality, though, the unity and coherence of ideas among sentences is what constitutes a paragraph. A paragraph is defined as â€œa group of sentences or a single sentence that forms a unitâ€ (Lunsford and Connors 116). Length and appearance do not determine whether a section in a paper is a paragraph. For instance, in some styles of writing, particularly journalistic styles, a paragraph can be just one sentence long. Ultimately, a paragraph is a sentence or group of sentences that support one main idea. In this handout, we will refer to this as the â€œcontrolling idea,â€ because it controls what happens in the rest of the paragraph. https://writingcenter.unc.edu/tips-and-tools/paragraphs/Paragraphs are the building blocks of papers. Many students define paragraphs in terms of length: a paragraph is a group of at least five sentences, a paragraph is half a page long, etc. In reality, though, the unity and coherence of ideas among sentences is what constitutes a paragraph. A paragraph is defined as â€œa group of sentences or a single sentence that forms a unitâ€ (Lunsford and Connors 116). Length and appearance do not determine whether a section in a paper is a paragraph. For instance, in some styles of writing, particularly journalistic styles, a paragraph can be just one sentence long. Ultimately, a paragraph is a sentence or group of sentences that support one main idea. In this handout, we will refer to this as the â€œcontrolling idea,â€ because it controls what happens in the rest of the paragraph. https://writingcenter.unc.edu/tips-and-tools/paragraphs/Paragraphs are the building blocks of papers. Many students define paragraphs in terms of length: a paragraph is a group of at least five sentences, a paragraph is half a page long, etc. In reality, though, the unity and coherence of ideas among sentences is what constitutes a paragraph. A paragraph is defined as â€œa group of sentences or a single sentence that forms a unitâ€ (Lunsford and Connors 116). Length and appearance do not determine whether a section in a paper is a paragraph. For instance, in some styles of writing, particularly journalistic styles, a paragraph can be just one sentence long. Ultimately, a paragraph is a sentence or group of sentences that support one main idea. In this handout, we will refer to this as the â€œcontrolling idea,â€ because it controls what happens in the rest of the paragraph. https://writingcenter.unc.edu/tips-and-tools/paragraphs/Paragraphs are the building blocks of papers. Many students define paragraphs in terms of length: a paragraph is a group of at least five sentences, a paragraph is half a page long, etc. In reality, though, the unity and coherence of ideas among sentences is what constitutes a paragraph. A paragraph is defined as â€œa group of sentences or a single sentence that forms a unitâ€ (Lunsford and Connors 116). Length and appearance do not determine whether a section in a paper is a paragraph. For instance, in some styles of writing, particularly journalistic styles, a paragraph can be just one sentence long. Ultimately, a paragraph is a sentence or group of sentences that support one main idea. In this handout, we will refer to this as the â€œcontrolling idea,â€ because it controls what happens in the rest of the paragraph. https://writingcenter.unc.edu/tips-and-tools/paragraphs/Paragraphs are the building blocks of papers. Many students define paragraphs in terms of length: a paragraph is a group of at least five sentences, a paragraph is half a page long, etc. In reality, though, the unity and coherence of ideas among sentences is what constitutes a paragraph. A p","[1,2,3,4]","Paragraphs are the building blocks of papers. Many students define paragraphs in terms of length: a paragraph is a group of at least five sentences, a paragraph is half a page long, etc. In reality, though, the unity and coherence of ideas among sentences is what constitutes a paragraph. A paragraph is defined as â€œa group of sentences or a single sentence that forms a unitâ€ (Lunsford and Connors 116). Length and appearance do not determine whethParagraphs are the building blocks of papers. Many students define paragraphs in terms of length: a paragraph is a group of at least five sentences, a paragraph is half a page long, etc. In reality, though, the unity and coherence of ideas among sentences is what constitutes a paragraph. A paragraph is defined as â€œa group of sentences or a single sentence that forms a unitâ€ (Lunsford and Connors 116). Length and appearance do not determine whether a section in a paper is a paragraph. For instance, in some styles of writing, particularly journalistic styles, a paragraph can be just one sentence long. Ultimately, a paragraph is a sentence or group of sentences that support one main idea. In this handout, we will refer to this as the â€œcontrolling idea,â€ because it controls what happens in the rest of the paragraph. https://writingcenter.unc.edu/tips-and-tools/paragraphs/Paragraphs are the building blocks of papers. Many students define paragraphs in terms of length: a paragraph is a group of at least five sentences, a paragraph is half a page long, etc. In reality, though, the unity and coherence of ideas among sentences is what constitutes a paragraph. A paragraph is defined as â€œa group of sentences or a single sentence that forms a unitâ€ (Lunsford and Connors 116). Length and appearance do not determine whether a section in a paper is a paragraph. For instance, in some styles of writing, particularly journalistic styles, a paragraph can be just one sentence long. Ultimately, a paragraph is a sentence or group of sentences that support one main idea. In this handout, we will refer to this as the â€œcontrolling idea,â€ because it controls what happens in the rest of the paragraph. https://writingcenter.unc.edu/tips-and-tools/paragraphs/Paragraphs are the building blocks of papers. Many students define paragraphs in terms of length: a paragraph is a group of at least five sentences, a paragraph is half a page long, etc. In reality, though, the unity and coherence of ideas among sentences is what constitutes a paragraph. A paragraph is defined as â€œa group of sentences or a single sentence that forms a unitâ€ (Lunsford and Connors 116). Length and appearance do not determine whether a section in a paper is a paragraph. For instance, in some styles of writing, particularly journalistic styles, a paragraph can be just one sentence long. Ultimately, a paragraph is a sentence or group of sentences that support one main idea. In this handout, we will refer to this as the â€œcontrolling idea,â€ because it controls what happens in the rest of the paragraph. https://writingcenter.unc.edu/tips-and-tools/paragraphs/Paragraphs are the building blocks of papers. Many students define paragraphs in terms of length: a paragraph is a group of at least five sentences, a paragraph is half a page long, etc. In reality, though, the unity and coherence of ideas among sentences is what constitutes a paragraph. A paragraph is defined as â€œa group of sentences or a single sentence that forms a unitâ€ (Lunsford and Connors 116). Length and appearance do not determine whether a section in a paper is a paragraph. For instance, in some styles of writing, particularly journalistic styles, a paragraph can be just one sentence long. Ultimately, a paragraph is a sentence or group of sentences that support one main idea. In this handout, we will refer to this as the â€œcontrolling idea,â€ because it controls what happens in the rest of the paragraph. https://writingcenter.unc.edu/tips-and-tools/paragraphs/Paragraphs are the building blocks of papers. Many students define paragraphs in terms of length: a paragraph is a group of at least five sentences, a paragraph is half a page long, etc. In reality, though, the unity and coherence of ideas among sentences is what constitutes a paragraph. A paragraph is defined as â€œa group of sentences or a single sentence that forms a unitâ€ (Lunsford and Connors 116). Length and appearance do not determine whether a section in a paper is a paragraph. For instance, in some styles of writing, particularly journalistic styles, a paragraph can be just one sentence long. Ultimately, a paragraph is a sentence or group of sentences that support one main idea. In this handout, we will refer to this as the â€œcontrolling idea,â€ because it controls what happens in the rest of the paragraph. https://writingcenter.unc.edu/tips-and-tools/paragraphs/Paragraphs are the building blocks of papers. Many students define paragraphs in terms of length: a paragraph is a group of at least five sentences, a paragraph is half a page long, etc. In reality, though, the unity and coherence of ideas among sentences is what constitutes a paragraph. A paragraph is defined as â€œa group of sentences or a single sentence that forms a unitâ€ (Lunsford and Connors 116). Length and appearance do not determine whether a section in a paper is a paragraph. For instance, in some styles of writing, particularly journalistic styles, a paragraph can be just one sentence long. Ultimately, a paragraph is a sentence or group of sentences that support one main idea. In this handout, we will refer to this asParagraphs are the building blocks of papers. Many students define paragraphs in terms of length: a paragraph is a group of at least five sentences, a paragraph is half a page long, etc. In reality, though, the unity and coherence of ideas among sentences is what constitutes a paragraph. A paragraph is defined as â€œa group of sentences or a single sentence that forms a unitâ€ (Lunsford and Connors 116). Length and appearance do not determine whethParagraphs are the building blocks of papers. Many students define paragraphs in terms of length: a paragraph is a group of at least five sentences, a paragraph is half a page long, etc. In reality, though, the unity and coherence of ideas among sentences is what constitutes a paragraph. A paragraph is defined as â€œa group of sentences or a single sentence that forms a unitâ€ (Lunsford and Connors 116). Length and appearance do not determine whether a section in a paper is a paragraph. For instance, in some styles of writing, particularly journalistic styles, a paragraph can be just one sentence long. Ultimately, a paragraph is a sentence or group of sentences that support one main idea. In this handout, we will refer to this as the â€œcontrolling idea,â€ because it controls what happens in the rest of the paragraph. https://writingcenter.unc.edu/tips-and-tools/paragraphs/Paragraphs are the building blocks of papers. Many students define paragraphs in terms of length: a paragraph is a group of at least five sentences, a paragraph is half a page long, etc. In reality, though, the unity and coherence of ideas among sentences is what constitutes a paragraph. A paragraph is defined as â€œa group of sentences or a single sentence that forms a unitâ€ (Lunsford and Connors 116). Length and appearance do not determine whether a section in a paper is a paragraph. For instance, in some styles of writing, particularly journalistic styles, a paragraph can be just one sentence long. Ultimately, a paragraph is a sentence or group of sentences that support one main idea. In this handout, we will refer to this as the â€œcontrolling idea,â€ because it controls what happens in the rest of the paragraph. https://writingcenter.unc.edu/tips-and-tools/paragraphs/Paragraphs are the building blocks of papers. Many students define paragraphs in terms of length: a paragraph is a group of at least five sentences, a paragraph is half a page long, etc. In reality, though, the unity and coherence of ideas among sentences is what constitutes a paragraph. A paragraph is defined as â€œa group of sentences or a single sentence that forms a unitâ€ (Lunsford and Connors 116). Length and appearance do not determine whether a section in a paper is a paragraph. For instance, in some styles of writing, particularly journalistic styles, a paragraph can be just one sentence long. Ultimately, a paragraph is a sentence or group of sentences that support one main idea. In this handout, we will refer to this as the â€œcontrolling idea,â€ because it controls what happens in the rest of the paragraph. https://writingcenter.unc.edu/tips-and-tools/paragraphs/Paragraphs are the building blocks of papers. Many students define paragraphs in terms of length: a paragraph is a group of at least five sentences, a paragraph is half a page long, etc. In reality, though, the unity and coherence of ideas among sentences is what constitutes a paragraph. A paragraph is defined as â€œa group of sentences or a single sentence that forms a unitâ€ (Lunsford and Connors 116). Length and appearance do not determine whether a section in a paper is a paragraph. For instance, in some styles of writing, particularly journalistic styles, a paragraph can be just one sentence long. Ultimately, a paragraph is a sentence or group of sentences that support one main idea. In this handout, we will refer to this as the â€œcontrolli the â€œcontrolling idea,â€ because it controls what happens in the rest of the paragraph. https://writingcenter.unc.edu/tips-and-tools/paragraphs/er a section in a paper is a paragraph. For instance, in some styles of writing, particularly journalistic styles, a paragraph can be just one sentence long. Ultimately, a paragraph is a sentence or group of sentences that support one main idea. In this handout, we will refer to this as the â€œcontrolling idea,â€ because it controls what happens in the rest of the paragraph. https://writingcenter.unc.edu/tips-and-tools/paragraphsf",636359b3f1b03.jpg,https://meet.google.com/,2022-11-03 06:11:45,2022-11-03 06:20:33
9,804,0,"Shell - 78% recycled polyamide 22% elastane

Lining - Polyamide / elastane",[],Recycled poly,,,2022-12-13 17:31:06,2022-12-14 09:33:10
10,805,0,"Shell - 78% Recycled Polyamide

Lining - Polyamide / Elastane",[],Recycled Poly,,,2022-12-14 09:38:30,2022-12-14 09:38:30
11,807,0,"Shell - 78% Recycled Polyamide

Lining - Polyamide / Elastane",[],Recycled Poly,,,2022-12-14 09:42:42,2022-12-14 09:42:42
12,808,0,"Shell - 78% Recycled Polyamide 22% Elastane

Lining - Polyamide/Elastane",[],Recycled Poly,,,2022-12-14 09:49:24,2022-12-14 09:49:24
13,809,0,"Shell - 78% Recycled Polyamide 22% Elastane

Lining - Polyamide / Elastane",[],Recycled poly,,,2022-12-14 09:54:28,2022-12-14 09:54:28
14,810,0,"Shell - 78% Recycled Polyamide 22% Elastane

Lining - Polyamide / Elastane",[],Recycled Poly,,,2022-12-14 09:57:29,2022-12-14 09:57:29
15,805,1,"Shell - 78% Recycled Polyamide

Lining - Polyamide / Elastane",[],Recycled Poly,,,2023-01-04 13:19:40,2023-01-04 13:19:40
16,640,0,"Body: 100% Cotton
Out Fit: 100% Cotton
Filling: 100% Recycled Polyester Fiber Excluding Trims","[13,11,1,5,6,20]",This product body and out fit is 100% cotton and have used 100% recycled polyester as the filling. Fabric and the product manufacturing has done from GOTS certified manufacturing plants with fair trade approvals.,,,2023-01-05 09:43:39,2023-01-06 10:27:36
